날짜,리뷰
2021.12.01,포인트로 걸치기 딱 좋아요 핸드폰 들어갈 수 있는 크기는 안되고 립스틱이랑 지갑정도 넣을 수 있어요
2021.11.22,미니 백인데 수납력도 꽤 좋은 편이고 좋아요!!! 너무 귀엽고 예뻐요ㅜㅜ
2021.12.01,포인트로 걸치기 딱 좋아요 핸드폰 들어갈 수 있는 크기는 안되고 립스틱이랑 지갑정도 넣을 수 있어요
2021.11.22,미니 백인데 수납력도 꽤 좋은 편이고 좋아요!!! 너무 귀엽고 예뻐요ㅜㅜ
2022.03.15,진짜 보자마자 너무 귀여우서ㅓ 입틀막ㅠㅠ 완전 귀얍고 색 이쁘고 너무 조아효
2022.02.19,너무 예뻐요 사이즈는 앙증 맞아서 뭐가 많이 들어갈 것 같진 않아요 그냥 딱 간편하게 휴대폰이랑 수정용 화장품 지갑 정도 ㅎㅎ
2022.02.16,선물로 구매했는데 맘에든다하네요 작고 귀여워서 포인트로 하기 좋고 끈도 길어서 다양하게 연출가능한것같아요
2022.02.09,스크래치가 처음부터 나 있었어요 택배 뜯자마자 확인한건데 이러네요 ㅠ 속상합니다 급해서 그냥 써요...=
2022.02.09,미니백좋아하는데 너무 귀엽고 깔끔해요 코트랑도 잘어울리고 맨투맨이랑도 귀여울듯 ㅎㅎ
2022.02.05,크기가 앙증맞고 귀여워요 의외로 수납공간이 있어서 데일리템으로 괜찮아요! 추천합니다
2022.02.01,특이한 색이라 포인트 되고 이뻐요! 색감은 사진보다 조금 더 노란기 도는 딱 정석 초록색이에요.
2022.01.23,포인트로 들고 다니기에 좋아요 색감도 쨍하고 귀여워요 추천합니다
2021.10.18,너무 귀여워용. 제가 그 가방이 마음에 많이 들었다.
2021.09.18,조그만해서 딱 핸드폰하고 립제품 카드지갑정도 넣으면 꽉차요 색이 선명해서 예뻐요
2022.03.15,진짜 보자마자 너무 귀여우서ㅓ 입틀막ㅠㅠ 완전 귀얍고 색 이쁘고 너무 조아효
2022.02.19,너무 예뻐요 사이즈는 앙증 맞아서 뭐가 많이 들어갈 것 같진 않아요 그냥 딱 간편하게 휴대폰이랑 수정용 화장품 지갑 정도 ㅎㅎ
2022.02.16,선물로 구매했는데 맘에든다하네요 작고 귀여워서 포인트로 하기 좋고 끈도 길어서 다양하게 연출가능한것같아요
2022.02.09,스크래치가 처음부터 나 있었어요 택배 뜯자마자 확인한건데 이러네요 ㅠ 속상합니다 급해서 그냥 써요...=
2022.02.09,미니백좋아하는데 너무 귀엽고 깔끔해요 코트랑도 잘어울리고 맨투맨이랑도 귀여울듯 ㅎㅎ
2022.02.05,크기가 앙증맞고 귀여워요 의외로 수납공간이 있어서 데일리템으로 괜찮아요! 추천합니다
2022.02.01,특이한 색이라 포인트 되고 이뻐요! 색감은 사진보다 조금 더 노란기 도는 딱 정석 초록색이에요.
2022.01.23,포인트로 들고 다니기에 좋아요 색감도 쨍하고 귀여워요 추천합니다
2021.10.18,너무 귀여워용. 제가 그 가방이 마음에 많이 들었다.
2021.09.18,조그만해서 딱 핸드폰하고 립제품 카드지갑정도 넣으면 꽉차요 색이 선명해서 예뻐요
2022.03.15,사이즈가 작아서 수납은 충분하지 않지만 너무 귀여워요
2022.02.19,진짜 너무 귀엽습니다 ㅎㅎ 빨리 친구들 만나서 자랑하고 다니고 싶네요
2022.02.18,"귀여워요 색깔도 이쁘고 만족합니다ㅎㅎ
다른 색도 구매할려구요"
2022.02.18,귀여워요 사이즈도 귀엽고 디자인도 귀엽습니당 사계절 다 맬 수 있을 것 같네용
2022.02.16,선물로 구매했는데 맘에든다하네요 작고 귀여워서 포인트로 하기 좋고 끈도 길어서 다양하게 연출가능한것같아요
2022.02.15,크기는 엄청 작은데 작은 거 알고 산거라 괜찮았어요. 귀엽고 코디하기 무난해요
2022.02.09,너무 귀엽고 좋은데 스크래치가 나 있네요 급하게 들고 갈거라 그냥 쓸게요 ..
2022.02.05,초록색 구매하고 예뻐서 검정색도 주문했어요! 귀엽고 예쁩니다 추천해요
2022.02.01,특이한 색이라 포인트 되고 이뻐요! 색감은 딱 정석 초록색이고 수납은 핸드폰 지갑 쿠션 틴트정도 딱 들어가요.
2022.01.07,색감이 쨍하고 보기보다 작고 귀여워요~! 포인트로 코디하기에 추천해요
2021.12.01,어차피 립스틱이랑 지갑만 넣고 다니려고 산거라 크기는 괜찮은데 폰이 들어갈 수 있을만한 크기는 아니에요 블레이저에 입으면 너무 이쁨여
2021.10.04,가방이 조그매서 귀엽고 코디하기 편한 것 같아요. 은근 수납 공간은 커서 폰 지갑 간단한 화장품 등등 정도는 다 들어가요!
2021.09.18,조그만해서 딱 핸드폰하고 립제품 카드지갑정도 넣으면 꽉차요 색이 선명해서 예뻐요
2021.04.10,좋은 상품이에요 아주 만족하면서 사용하고 있습니다
2021.12.01,어차피 립스틱이랑 지갑만 넣고 다니려고 산거라 크기는 괜찮은데 폰이 들어갈 수 있을만한 크기는 아니에요 블레이저에 입으면 너무 이쁨여
2021.10.04,가방이 조그매서 귀엽고 코디하기 편한 것 같아요. 은근 수납 공간은 커서 폰 지갑 간단한 화장품 등등 정도는 다 들어가요!
2021.09.18,조그만해서 딱 핸드폰하고 립제품 카드지갑정도 넣으면 꽉차요 색이 선명해서 예뻐요
2021.04.10,좋은 상품이에요 아주 만족하면서 사용하고 있습니다
2022.03.02,첨으로 민트색 도전해봤는데 예뽀용 올블랙이나 올화이트록에 잘어울릴듯
2022.02.13,생각보다 사이즈가 작아여 근데 귀욥고 들어갈군 다 들어가요 사세요
2021.12.27,배송도 엄청 빠르고 안전하게 왔어요 색감도 상큼하고 예뻐요
2021.10.24,"요즘 아주 휘뚜루마뚜루 메고 다닙니다
수납도 들어갈건 다 들어가요 넘 예뽀??"
2021.10.21,"생각보다 더 작네요 가방이ㅎㅎ
손으루 달랑 들고다니기 좋겠네용"
2021.10.10,사이즈 생각보다 작았는데 필요한 짐 추려서 들고다니기에 좋을것같아요 스트랩에 로고가 포인트되고 이쁘네용
2022.03.02,첨으로 민트색 도전해봤는데 예뽀용 올블랙이나 올화이트록에 잘어울릴듯
2022.02.13,생각보다 사이즈가 작아여 근데 귀욥고 들어갈군 다 들어가요 사세요
2021.12.27,배송도 엄청 빠르고 안전하게 왔어요 색감도 상큼하고 예뻐요
2021.10.24,"요즘 아주 휘뚜루마뚜루 메고 다닙니다
수납도 들어갈건 다 들어가요 넘 예뽀??"
2021.10.21,"생각보다 더 작네요 가방이ㅎㅎ
손으루 달랑 들고다니기 좋겠네용"
2021.10.10,사이즈 생각보다 작았는데 필요한 짐 추려서 들고다니기에 좋을것같아요 스트랩에 로고가 포인트되고 이쁘네용
2022.03.31,가방 색상은 말끔한 화이트 끈은 살짝 아이보리? 색감이에요 예뿜ㅁ니당 ㅎㅎ 봄여름 들기 조을듯
2022.03.29,컬러도 사진이랑 같고 작고 예뻐서 자주 들고다닐것같아요!!
2022.03.26,생각보다 조금 작긴 하지만 원하는 색상 그대로 너무 예뻐요
2022.03.24,"그냥 막 들기 좋을거 같아 구매했고
만족해요~
색감과 크기도 딱 생각했던 그대로."
2022.03.17,어떤 색을 구매할지 엄청 고민하다 무난하게 검정 선택했는데 잘 한 거 같아요 아무 때나 들고 다니기 편할 거 같아요
2022.03.14,"삶으 무게가 무거울때~~~ 인샌~~~
가방이라도 가볍고 싶을때

달랑달랑 막 들기 좋아욤@_@

내부 카드슬롯 하나잇어서 카드하나 낑구고
(지갑은 넣기 무리라는 소리)
에어팟 쿠션 립밤 머리핀 이정도 들어감니다"
2022.03.14,"어디에나 찰떡이예요 검정이즈 뭔들 ,, 살지 말지 고민하시마세욧"
2022.03.12,정말 모든 면에서 완벽한거 같아요... 너무 맘에 듭니다!
2022.03.08,너무 밝은 색은 아니고 딱 괜찮은 파스텔톤이라 마음에 들어요~
2022.03.02,"사진보단 밝아요
첨으로 민트색 도전해봤는데 예뽀용"
2022.02.20,생각보다 색깔이 누리끼리 하긴 한데 이쁜 것 같아요
2022.02.15,두꺼운 옷입었을때 끈이 짧아서 불편허지만 짐 작알따 들기 좋아요
2022.02.13,생각보다 작긴한데 어디에나 잘 어울리고 귀여워요
2022.02.12,누리끼리한 색이 아니라 마음에 듬 어느 옷이든 잘어울림
2022.02.11,생각보다 좀 작긴한데 예쁘고 아무데나 다 들 수있어요 데일리템
2022.02.09,"크기가 정말작아요
생각했던거보다 더....! 끈도 짧고

귀엽긴 합니다"
2022.02.06,사진상으로는 좀 어둡게 나온 편입니다 그림자져서 실제로는 이것보단 조금 밝은 편이에요
2022.01.25,쿠폰줘서 싸게 잘샀어요! 실물 너무이쁘고 귀엽네용
2022.01.19,어쩌다 친구 가방보고 혹해서 사버렸어요 ㅎ 라운드숄더라 대부분 어깨에 걸치는 가방을 불편해서 잘 안쓰는데 요건 딱 붙어있어요 ㅋㅋ 후회 안해용
2022.01.13,색상이 실물로 보면 더 선명합니다. 마감도 깔끄하게 잘 되어있어요.
2022.01.13,색상도 이쁘고 마감도 잘되어 있네요. 가벼워서 좋습니다.
2022.01.03,색감이 딱 예쁜 라이트블루 색이라 마음에 들었어요 스트링에 있는 글자 포인트도 예쁩니다
2021.12.24,너무 귀엽고 상큼해요 배송도 빨라서 오자마자 바로 착용했어요
2021.11.28,끈 조절이 안되서 아쉽지만 끈에 문구가 포인트라 이뻐용. 생각보다 물건들 많이 들어가서 놀랬어용
2021.11.26,"생각보다 실물이 더 작아요
그래도 수납이 좋습니다 많이들어가여"
2021.11.22,디자인 많이 이쁘네요. 색상 실물이 훨씬 더 이쁘네요.
2021.11.22,디자인 귀엽고 이뻐요. 가볍게 착용하기 좋습니다.
2021.11.20,색상이 선명해서 실물이 더 이쁜 것 같아요. 가볍세 착용하기 좋은 것 같습니다
2021.10.19,갖고나갈 물건 많이 없을 때 들면 딱 좋아요 작아도 넣을건 다 들어갈것같아요 배송도 빨라서 좋아요
2021.10.14,"색감도 실물이 더 예쁘고, 어떤 착장에 매도 잘 어울려요. 휘뚜루마뚜루백으로 잘 쓸게요"
2021.10.14,생각했던 거보다 작기는 정말 작네여 근데 이쁘고 딱 모양이 유지돼서 지금 들기 좋아요! 겨울에 들지는 못하고 지금이 딱 들기 좋은 시기에요!
2021.10.13,딱 생각한 사이즈에요 색감도 말 그대로 크림 색이에요! 수납도 들어갈건 다 들어가요 카드 넣는 곳도 따로 있어요 좋아용
2021.10.09,다른 후기들처럼 생각보다 크기가 더 작은 느낌이지만 귀엽고 이뻐요
2021.10.02,너무 이뻐요 사길 잘했어요 사고나고 다음날인가 다시보니 할인이 끝나서 아 사길 잘했다 생각했어요 실물도 짱입니다 또 할인을 하거나 쿠폰이 있으시다면 꼭 구매하시고 아니더라두 구매하셔도 후회 안하실꺼에요 저는 사고싶었던 제품 완전 할인받아서 너무 기분 좋네요!
2021.09.29,생각보다 작은데 그래도 안에 들어갈건 다 들어가영 조아요
2021.09.27,사이즈 생각보다 작았는데 필요한 짐 추려서 들고다니기에 좋을것같아요 스트랩에 로고가 포인트되고 이쁘네용
2021.10.14,생각했던 거보다 작기는 정말 작네여 근데 이쁘고 딱 모양이 유지돼서 지금 들기 좋아요! 겨울에 들지는 못하고 지금이 딱 들기 좋은 시기에요!
2021.10.13,딱 생각한 사이즈에요 색감도 말 그대로 크림 색이에요! 수납도 들어갈건 다 들어가요 카드 넣는 곳도 따로 있어요 좋아용
2021.10.09,다른 후기들처럼 생각보다 크기가 더 작은 느낌이지만 귀엽고 이뻐요
2021.10.02,너무 이뻐요 사길 잘했어요 사고나고 다음날인가 다시보니 할인이 끝나서 아 사길 잘했다 생각했어요 실물도 짱입니다 또 할인을 하거나 쿠폰이 있으시다면 꼭 구매하시고 아니더라두 구매하셔도 후회 안하실꺼에요 저는 사고싶었던 제품 완전 할인받아서 너무 기분 좋네요!
2021.09.29,생각보다 작은데 그래도 안에 들어갈건 다 들어가영 조아요
2021.09.27,사이즈 생각보다 작았는데 필요한 짐 추려서 들고다니기에 좋을것같아요 스트랩에 로고가 포인트되고 이쁘네용
2022.03.31,이 브랜드 허니제이가 맨 가방 산 뒤로 두번째 구매입니당 ㅎㅎ 활용도 조아욘
2022.03.24,가볍고 색상도 산뜻해서 좋아요. 수납공간도 나름 있는 편이네요.
2022.03.17,어떤 색을 구매할지 엄청 고민하다 검정 했는데 잘 한 거 같아요 무난하게 아무때나 들고 다니기 편할 거 같아요
2022.03.14,"삶으 무게가 무거울때~~~ 인샌~~~
가방이라도 가볍고 싶을때

달랑달랑 막 들기 좋아욤@_@

내부 카드슬롯 하나잇어서 카드하나 낑구고
(지갑은 넣기 무리라는 소리)
에어팟 쿠키 립밤 머리핀 이정도 들어감니다"
2022.03.14,"역시는 역심니다 ,, 고민하지 말고 꼭 사세요 ! 어디에나
찰떡이예요"
2022.03.12,실제로 보면 생각했던 것보다 크기가 작은데 그래서 더 만족이었어요! 수납 공간도 꽤 있구 엄청 예쁘네여~~
2022.03.08,너무 밝은 색은 아니고 딱 괜찮은 파스텔톤이라 마음에 들어요~
2022.03.02,첨으로 민트색 도전해봤는데 예뽀용 올블랙이나 올화이트룩에 잘어울릴듯
2022.02.20,생각보다 색깔이 누리끼리 하긴 한데 이쁜 것 같아요
2022.02.17,깔끔하니 귀엽습니다. 가벼워서 착용감도 좋습니다.
2022.02.12,무난템 컬러 갖고싶어서 샀는데 작고 예뻐욤 착용감 굿
2022.02.10,생각보다 작긴한데 어디에나 무난하게 이쁩니당
2022.02.06,"생각했던 것보다 작아서 수납공간 부족하면 어쩌지 그랬는데 그래도 간단한 쿠션,립,지갑,폰은 충분히 들어가네요~!"
2022.01.26,색깔은 화면보다는 좀 더 차분한 색이에요. 근데 어두우니까 매력이 반감되는 느낌ㅠㅠ. 가격에 비해 허접한 느낌이 있어요. 지퍼쪽에 실밥이 튀어나와서 그랬는지는 몰라도. 수납은 틴트랑 팩트 중지갑정도 넣으면 꽉 찹니다. 진짜 가볍게 외출할때 들기 좋아요
2022.01.26,생각보다 작아요 근데 귀여움 많이는 안들어가는데 그렇다고 부족하지도 않음 파우치는 안들어감..
2022.01.25,매장가서 보고 무신사에서 쿠폰써서 싸게샀어요! 무신사짱
2022.01.24,"생각했던 것보단 작지만, 어느정도 수납이 가능합니다. 기본템으로 들고 다니기 좋아요."
2022.01.19,"작고 귀여워요!!
폰이랑 지갑만들고 간단하게 다닐수 있어서 좋어요"
2021.12.23,"배송 아주 빠르고 안전하게 잘 왔어요
색감이 너무 예뻐요"
2021.12.15,매장에서 둘러보고 무신사가 제일 저렴해서 구매했어요 ㅎㅎ 데일리백으로 굳
2021.12.15,색상이 실물로 보니 너무 이쁘네요. 가볍고 이뻐서 자주 쓸 것 같아요.
2021.12.02,생각보다 수납은 적지만 원래 물건을 많이 안들고 다녀서 딱 좋아요! 포인트로 최고에요
2021.12.01,"예쁜데 실제 색깔은 그레이에 가까워요
그래도 생각보다 수납력도 좋고 자주들거같아요"
2021.11.28,가죽소재로 탄탄하고 각잡혀 있어서 이뻐요 ! 그리고 스크레치도 잘 안날 소재라 오래 들 수 있을 것 같아용
2021.11.27,생각보다 많이 들어가구 포인트 컬러로 매치하기 넘 좋아여
2021.11.26,"진짜 생각보다 크기는 더 작아요ㅋㅋ
근데 수납력이 생각보다 좋습니다"
2021.11.22,가볍게 착용하기 좋은 백 같습니다. 퀄리티도 좋고 마음에 들어요.
2021.11.20,디자인도 이쁘고 가볍네요. 제품 마감도 잘되어있어요.
2021.11.19,"호보백을 선호해서 자주 들고다니는데 너무 이뻐요!
스트랩에 영어써있어서 더 매력적인거같아요:)"
2021.11.17,받아보고 생각보다 너무 작아서 당황했지만 색깔과 모양 너무 예버요
2021.11.06,보자마자 반해서 고민없이 구매했는데 실물로 보니까 너무 이뻐서 다른 색상도 구매하려구요~!!ㅎㅎ
2021.10.26,생각했던 것보다 살짝 더 작은거같지만 그래도 너무 이뻐요 가볍게 들기 최고! 디자인은 미쳤습니다
2021.10.19,너무 예쁘고 귀여워서 여기저기 많이 들고 다녀요!! 수납도 생각보다 넉넉해서 더 좋은 것 같아용 ㅎㅎ
2021.10.14,진짜 실물이 백배 더 예뻐요! 수납도 넉넉해서 좋네요
2021.10.14,"총알배송이에용ㅋㅋ
고민하다가 할인하길래 주문했는데
진작 할걸그랬네요~ㅎㅎ 작고 아담해요~
유행안탈거같고 이쁘네요~"
2021.10.14,상품은 이뻐요 근데 저번에 카드지갑사은품으로 주는 행사할때 샀는데 배송이 한달동안 안돼서 취소해서 다시 주문한거거든요ㅎ 배송만 빨랐으면 저번에 들 수 있었을텐데 아쉬워요
2021.10.13,색감이 넘 예뻐요 ㅎㅎ 크기도 적당하고 수납공간도 필요한거 넣을만큼 있어요
2021.10.12,색깔이 너무 예뻐요! 스트랩에 글씨 있는 포인트도 마음에 듭니당
2021.10.09,다른 후기들처럼 생각보다 크기가 더 작은 느낌이지만 귀엽고 이뻐요
2021.10.08,색상이 너무 이쁘네요. 디자인도 색상도 너무 마음에 듭니다.
2021.10.08,은은한 광택이 있어 심플한듯 하면서도 세련된 멋이 있네요
2021.10.02,이뻐요 지금은 가을시즌이지만 파스텔 톤 옷 입고 이거 가지고 가면 진짜 이쁠거같아요 색이 특별해서 좋구요 저는 잘샀다고 생각합니다 만족해요!!
2021.09.29,생각보다 작은데 그래도 안에 들어갈건 다 들어가영 조아요
2021.09.27,사이즈 생각보다 작았는데 필요한 짐 추려서 들고다니기에 좋을것같아요 스트랩에 로고가 포인트되고 이쁘네용
2021.10.08,은은한 광택이 있어 심플한듯 하면서도 세련된 멋이 있네요
2021.10.02,이뻐요 지금은 가을시즌이지만 파스텔 톤 옷 입고 이거 가지고 가면 진짜 이쁠거같아요 색이 특별해서 좋구요 저는 잘샀다고 생각합니다 만족해요!!
2021.09.29,생각보다 작은데 그래도 안에 들어갈건 다 들어가영 조아요
2021.09.27,사이즈 생각보다 작았는데 필요한 짐 추려서 들고다니기에 좋을것같아요 스트랩에 로고가 포인트되고 이쁘네용
2022.03.30,생각보다 물건이 많이들어가요! 그리고 따로 체인줄을 사서 달아줬는데 잘 어울리고 여기저기 들기 좋아요!
2022.03.15,여름에 출퇴근할때 가볍게 들고 다니기 좋을것같아오 긔여워요~
2022.03.06,깔끔하고 가벼워서 휘뚜루 마뚜루 매고 다닐 수 있을 것 같아용 너무 이쁩니다!
2022.02.19,생각했던 것보다 수납도 너무 잘 되고 너무 예뻐요! 운동복에도 코트에도 어디에도 휘뚜루마뚜루 매기 좋아요
2022.02.12,"생각보다 아담하지만 휘뚜루마뚜루 메고 다니기 좋아요!!!
크로스 끈이 포인트로 딱이에요!"
2022.02.05,배송은 무지빨리왓구요 화면이랑똑같아요 가볍고 이뿌고데일리로자주할거같아요 너무이뿝니다
2022.01.31,"처음에 받았을때 생각보다 작았는데 그래도 챙기고 다녀야 할 핸드폰 지갑 화장품 조금 들어가욧
일단 코디하기 쉽고 포인트 주기 좋아요 ㅎㅎ"
2022.01.26,색감이 일단 너무 이쁘고 크기도 너무 크지도 작지도 않아요
2022.01.13,수납공간 생각보다 널널해요 캐주얼하게 들수있는 휘뚜루템!!
2021.12.29,"같이일하는 친구선물로 산건데 ^^
직접보니 제것두 사고싶네요.
너무이쁘네용"
2021.12.29,크로스백으로 착용해도 이쁘네요 퍼가 은근 퀄리티 좋고 너무 예뻐요
2021.12.27,여자친구 선물로 사줬어요 사이즈가 생각보단 좀 작지만 좋아하네용ㅎㅎ
2021.12.26,"예쁘고 귀여워요 근데 생각보다 가방이 작아서 많이는
못 넣고 다녀요. 그리고 털을 안붙이면 사알짝 부실해보이는 느낌이 있어서 그것빼고는 완벽한 가방입니다."
2021.12.24,"허제퇴근백 예뻐서 주문한지 이틀만에 겟 했습니다 가방이 정말 아담하고 예뻐요 근데 서비스로 주신 퍼 손잡이는.. 집에서 직장까지 10분 메고 벗었는데 똑딱이가 이미 가방에서 똑 떨어져 있더라고요.. 순간접착제로 붙일거예요.. 깔끔하게 떨어진거 보니까 추워서 그런것 같은데 오늘이 좀 춥긴했어요,, 메리크리스마스이브..."
2021.12.22,"꺅너무이뻐요ㅜ
사은품으로주신퍼핸들도하니까포인트되구
폼폼이는집에잇는걸로달앗는데 찰떡이더라구요
사이즈도적당하구데일리로들고다니기좋을듯해요 블랙컬러는 기본적으로 마나서그레이햇는데
색상선택잘한듯! 너무이쁩니당"
2021.12.21,겨울이라서 호보백소재가 다소 없어보일수잇는데 손잡이에 따로 털? 부착할수있도록 액세서리가 따라오더라구요! 그래서 겨울철에도 스타일이 보완되서 좋았습니다 탈부착이니 당연 봄여름에는 떼고 다닐수있구요! 휘뚜루마뚜루 들고다니기 좋아용
2021.12.16,소재가 가죽이 아니라서 어디에나 잘 어울리고 사이즈도 적당해용 생각보다 많이 들어갑니당
2021.11.17,선물용으로 샀는데 딱 필요한 물건들만 넣어서 휘뚜루마뚜루 들고 다니기 좋아요
2021.11.08,"집에서 잠옷입고 스타일샷.
잠옷에도 ㄱ잘어울려요.
고민 진짜 많이 했던 가방 만큼 마음에 듭니다. 크기는 생각보다 좀 작았지만 휴대폰 카드지갑 이랑 작은 화장품들 잘 들어갑니다. 라인도 잘 빠진듯 합니다.
짧은 스트랩은 좀 뻣뻣해서 많이 사용해야 자연스러워질것 같습니당 넘 이뻐요.
허니제이랑 같은 가방이라 더 좋네요.
할인쿠폰 먹여서 시중보다 저렴하게 산거같아서 기분좋네용^^"
2021.10.23,허니제이 퇴근가방이라고 해서 샀는데너무너무 이뻐요
2021.10.20,전부터 사고 싶었는데 세일을 안해서 계속 기다렸는데 세일을 해서 드디어 구매를 했어용 ~ 이뻐용 ~ 휘루룩 들고 다닐수 있어서 좋은것 같아요! 카드 지갑도 사은품으로 받아서 너무 좋아용 ~
2021.09.28,"크로스로도 좋고, 숄더나 토트로도 좋아서
여기저기 코디하기 좋아요"
2021.08.29,"가격이 똑같아서 리사이클인 줄 모르고 사서 뒤에 리사이클 표시가 있는게 좀 그렇지만 뭐 똑같으니까..
끈 형태가 2개라서 좋고 둘 다 유용해요 예뿜??"
2021.08.28,실물이 더 예뻐요 손잡이 스트랩은 생각보다 짧아서 긴 스트랩을 더 많이 활용할 것 같아요! 생각보다 아무데나 잘 어울려요 ㅎㅎ
2021.10.20,전부터 사고 싶었는데 세일을 안해서 계속 기다렸는데 세일을 해서 드디어 구매를 했어용 ~ 이뻐용 ~ 휘루룩 들고 다닐수 있어서 좋은것 같아요! 카드 지갑도 사은품으로 받아서 너무 좋아용 ~
2021.09.28,"크로스로도 좋고, 숄더나 토트로도 좋아서
여기저기 코디하기 좋아요"
2021.08.29,"가격이 똑같아서 리사이클인 줄 모르고 사서 뒤에 리사이클 표시가 있는게 좀 그렇지만 뭐 똑같으니까..
끈 형태가 2개라서 좋고 둘 다 유용해요 예뿜??"
2021.08.28,실물이 더 예뻐요 손잡이 스트랩은 생각보다 짧아서 긴 스트랩을 더 많이 활용할 것 같아요! 생각보다 아무데나 잘 어울려요 ㅎㅎ
2022.03.30,"작지만 들어갈거 필요한만큼 넣을수있고 가볍고 예뻐요
그렇지만 지퍼손잡이에 필름도 붙어있었는데 찍힌자국 왜 있을까요.. 교환 번거로워서 그냥 사용하려고 하는데 거슬리긴해요ㅠ;;"
2022.03.25,"생각보다 가방이 이뻐서 넘 맘에 듭니다!
밝은 색상이라 때 안타게 들고 다니려구요!"
2022.03.21,평소 다닐때 가방에 뭐 많이 안넣고 다니는 편이라서 크기는 적당했어요. 만약에 많이 넣고 다니는 편이면 수납공간이 부족하게 느껴질 것 같아요! 어느 옷에든 들고 다니기 부담없고 잘 어울려서 자주 들고 다닙니다!
2022.03.17,색감 너무 이뻐요 ㅎㅎ 포인트로 가지고 다니기 좋을거 같아요
2022.03.16,"밝은 색이라 인형 달아도 귀엽고, 크로스줄 떼고 간편하게 들기 좋아요."
2022.03.15,여름에 출퇴근할때 가볍게 들고 다니기 좋을것같아오 긔여워요
2022.03.14,"프라다 호보백 스타일의 가방이 너무 가지고싶었는데
가격대가 막 사고싶은 수준은 아니였어서 비슷한 호보백을 엄청 검색해봤었어요. 그러던 중 이 아이를 만났는데 정말 사이즈도 재질도 다 똑같고 색깔도 다양해서 더 맘에 들었습니다 ㅎㅎ 잘쓸게요!"
2022.03.10,작고 귀여워요 어떤 스타일이든 잘 어울려요 간단하게 짐챙길때 좋은거같아요
2022.03.09,이뻐요. 작지만 생각보다 많이 들어 가는거 같아요 !!
2022.03.03,"심플하니 예쁘네여..!
어디에든 가지고 다니기 좋고
크로스로 할때 가죽 로고가 예뻐용!"
2022.03.03,진짜 심플하고 어디에나 잘 어울리고 활용도 갑이에요 ㅠㅠ 웬만한건 다 들어가고 완전 애용중입니다
2022.02.19,제가 정말 딱 원했던 베이지색이예요. 너무너무너무 예쁨ㅎ 공간도 넉넉해서 이것저것 진짜 많이 들어가요
2022.02.18,사진보다 조금 더 쿨한 핑크색인데 진짜 이뻐요 입구가 생각보다 좁긴 하지만 괜찮아요 전 보부상이 아니라 넉넉해요
2022.02.16,너무 맘에 들어용 색깔도 예쁘고 생각했던 그대로예요
2022.02.15,한참 고민하다가 구매했는데 너무 귀엽고 맘에들어요
2022.02.15,작은 가방 자체를 처음 사보는데 너무 예쁩니다... 큰가방 메고 싶지 않을 정도 ㅋ..완전 제 스타일 입니다 퀄리티도 너무 좋네요 할인할때 너무 잘샀어요
2022.02.09,"품질 좋고 깜끔해서 이뻐요!
힙하게도 매치할 수 있고 편하게도 매치할 수 있어서 좋은거 같고 디자인도 예쁩니당"
2022.02.09,"생~각보다는 작은 사이즈지만!
너무 귀엽고ㅠㅠㅔ 예뻐요!!!
날 풀리면 봄에 가방 챡! 매고 다니기
좋을 것 같네용??"
2022.02.08,색깔 진짜 예뻐요 예상했던 그대로고 실물 너무 예쁩니다!
2022.02.08,"너무예뻐요
허니제이언니 손민수했는데 만족감짱입니다
작고 소중해요,,,
무신사에서 사는건 짧은 어께끈 퍼가 안오네요
그래도 저렴하게 사서 만족합니다"
2022.02.05,배송은 무지빨리왓구요 화면이랑똑같아요 가볍고 이뿌고데일리로자주할거같아요 너무이뿝니다
2022.01.29,친구 생일선물로 줬는데 마음에 들어했어요! 수납은 짐 많이 안들고 다니시는 편이면 적당합니다
2022.01.29,이런 제품을 평소에 구매 하고 싶었는데 찰떡이네요 !!
2022.01.27,"가볍게 들고 다니기 좋아보였어요. 진짜 가볍긴 하구요ㅎ 모양은 사각형태로 좀 각이 잡혔네요. 물건 꺼내고 넣을때 지퍼에 손이 좀 쓸려요. 크로스끈이 이뻐요. 포인트되서 좋아요. 폰, 작은지갑, 그외 이것저것 그래도 어느정도는 들어가요."
2022.01.21,쉽게 더러워지지 않는 재질이고 은은한 광택이있어서 이뻐요! 아무 옷에나 잘 들어져요
2022.01.21,친구 생일 선물로 사줬는데 털 스트랩까지 같이 들어있어서 겨울용으로 딱이에요
2022.01.19,"그전에샀던 스트레치엔젤스백이랑 비슷한데 저건 파니니 뭐였던가 스몰아니고 큰버전인데 가방이 훨가볍구요
사이즈는비슷한데 너비가달라서 수납력 차이커요 파니니가 수납은최고인데 고리가 잘끊어짐 두개샀는데 둘다 퇴근길에 끊어져서 넘슬펐음.. 그럼에도 수납이좋고 넘무난무난해서 수리해서 쓰는중.. 참고로 오른쪽도 그레이인데 코코아에 더가까움 찐그레이백이 필요해서 구매 주말에 한번맸는데 가볍고편해요"
2022.01.13,스트랩이 두개라서 다양하게 연출할 수 있어 좋습니다.
2022.01.13,나일론 소재라 가볍고 망가질 걱정 없이 편하게 착용할 수 있는게 장점 같아욬
2022.01.05,생각보다 작긴 했는데 여기 저기 잘 매치해서 들 수 있을 것 같아요
2022.01.04,후기대로 사이즈는 작아요ㅠㅠ 옆에 아이패드 에어4 비교용으로 둬봤습니당 친구 선물로 샀는데 정말 좋아할 것 같아요ㅎㅎ
2021.12.31,허니제이 광고보고 괜찮아 보여서 선물해줬는데 좋아하네요ㅎㅎ
2021.12.29,"너무귀엽고이뻐용~
털까지있어서
4계절 내내 들기 좋아용♥?"
2021.12.29,너무 예쁘고 작은데 은근 많이 들어가네요 퍼 사은품으로 줄때 잘샀어요 ㅎㅎ
2021.12.29,"타 브랜드 블랙 호보백이 있어서 크림색 샀는데 진짜 개이뻐요 나일론 소재라 가죽에 비해 물건 넣고 꺼내기도 비교적 편하고 스트랩이 있어서 아우터 두꺼운 겨울에도 메기 편해요:)
물건도 많이 들어가는 편이에요"
2021.12.27,여자친구 선물로 사줬어요 사이즈가 생각보단 좀 작지만 좋아하네용ㅎㅎ
2021.12.25,"데일ㄹㅣ로 엄청 자주 할거같아요
다른색상 다 쟁여놓고 싶을정도ㅠㅠ
사은품으로 받은 퍼도 맘에들어요"
2021.12.24,"허제퇴근백 예뻐서 주문한지 이틀만에 겟 했습니다 가방이 정말 아담하고 예뻐요 근데 서비스로 주신 퍼 손잡이는.. 집에서 직장까지 10분 메고 벗었는데 똑딱이가 이미 가방에서 똑 떨어져 있더라고요.. 순간접착제로 붙일거예요.. 깔끔하게 떨어진거 보니까 추워서 그런것 같은데 오늘이 좀 춥긴했어요,, 메리크리스마스이브..."
2021.12.24,가볍게 데일리로 착용하기에 편한 스타일이에요!
2021.12.24,생각보다 작은데 소지품 많이 들어가요! 엄청 기대했는데 실제로 봐도 예뻐서 좋았어용
2021.12.23,스트랩도 귀엽고 가방크기도 적당해서 평소에 보부상인데 무리없이 들 수있을거같아요 ㅎㅎ 다른색상도 구매하고싶네요 ㅜㅜ 굉장히 짱짱해요
2021.12.22,"작고 귀엽고 펄도 뽀송한게 나름 귀엽습니다.

좋네요"
2021.12.22,생각보다 약간 작아서 당황했는데 그래도 귀엽고 좋아요
2021.12.22,진짜 너무너무 예쁘네요. 털도 복슬복슬 귀엽고 따뜻한 느낌이라 겨울에는 털끼고 잫 다닐거 같아요. 에어팟 크기 비교하세요~
2021.12.22,"사진이랑실물똑같구 너무이뻐용
폼폼이는제개인용소장품입니당
데일리로들고다니기좋고간편해용"
2021.12.20,휘뚜루마뚜루 들고다닐 가방이 필요했는데 마침 딱 가격대도 적당한 가방고른거같아 기분이 좋네요 오늘바로 매고나가볼려구요
2021.12.17,너무 예쁘고 깔끔해요 허니제이가방이라고 유명하던데 무난하게 어디든 잘 코디할 수 있을 것 같아요!
2021.12.15,"허니제이 퇴근가방이라고 해서 한번 사봤습니다
나일론 소재라서 스포티룩 또는 캐주얼룩에 잘 어울릴 것 같습니다
사이즈는 작습니다 소지품 몇가지를 넣고 다닐 수 있는 작은 가방입니다 꽤 괜찮네요"
2021.12.07,"생각보다 작아요ㅋㅋ
허니제이 퇴근가방 이뻐서 샀는데 이쁘긴 이쁘네여"
2021.11.28,"허니제이언니 가방이라서 샀어요ㅎㅎ
작고 앙증맞아요 ㅋㅋ"
2021.11.26,귀여워요 생각보다 이것저것 많이 들어가고 크로스로 하고다닐 수도 있어서 좋아요
2021.11.22,추가로 들어있는 로고 스트랩 디자인이 이쁩니다.
2021.11.21,"색이 좀 어둡게 나왔어용
받자마자 너무 맘에 든 가방임!!
저도 퇴근가방으로 들어야겠어요 ㅋㅋ"
2021.11.19,11/15일 예약배송 되기만을 목 빠지게 기다렸어요 ㅠㅠ ㅋㅋ 10만원 초반대로 좋은상품 겟 해서 행복해요 .. ?? 제 키가 큰 편인데 크로스끈이 엄청 긴 것도 행복하고 무엇보다 크로스끈에 스트레치엔젤스 문구 있는것도 넘 이뻐용 흑흑 ㅠㅠ 감사합니다!
2021.11.17,"가방이 작긴 작지만 그래도 들어갈 건 다 들어갑니다!
나일론이라 아주 가볍고 좋아요ㅎㅎ
만족합니당"
2021.11.17,선물용으로 샀는데 딱 필요한 물건들만 넣어서 휘뚜루마뚜루 들고 다니기 좋아요
2021.11.10,검정옷에 베이지색 운동화 자주 신는데 딱 입니다. 색감이 좋아요.
2021.11.08,"두번째 사진처럼 얇은 가방안에 들어있었습니다.
로고도 힙 하고 스트랩의 스트레치부분도 힙하네요.
사진에서 보시다시피 대기업 박음질이라 그런지 반듯하고 탄탄하네요. 좋습니당"
2021.10.29,"사이즈가 보기보단 작은데
그래도 가방을 메면 너무 예뻐요 ㅋㅋ
요즘 저의 최애 가방입니다아"
2021.10.21,"이것저것 다 들어가는 사이즈는 아니지만 립스틱, 지갑, 보조배터리 정도는 들어가는 사이즈에요 ! 트레이닝복에도 찰떡이고 캐주얼에도 잘 어울려용

+ 가방 스트랩은 하트 파니니 스트랩입니당"
2021.10.20,전부터 사고 싶었는데 세일을 안해서 계속 기다렸는데 세일을 해서 드디어 구매를 했어용 ~ 이뻐용 ~ 휘루룩 들고 다닐수 있어서 좋은것 같아요! 카드 지갑도 사은품으로 받아서 너무 좋아용 ~
2021.10.19,허니제이퇴근가방 너무너무 이쁘니다 그냥샀는데맘에드메
2021.10.17,작고 귀여운데 생각보다 수납은 넉넉하게 많이 들어가요 편하게 들고 다니기 좋아요
2021.10.15,좋네용 저렴하게 구매 했고 평상시에 잘들고 다닐것같구 판매자님 친절하게 안내 해주셔서 감사합니다!????????
2021.10.13,가방 색감도 너무 좋구요 실제로 보니 실물이 더 이뻐요!!!
2021.10.09,색감도 디자인도 너무 예쁘고 끈도 예쁜데 숄더끈은 너무 짧고 크로스는 너무 길어서 좀 수선하려구오
2021.10.02,호보백 구매하려던 찰나에 허니제이가 맨 가방으로 유명하길래 한 번 구매해봤습니다 ㅎㅎ 마카롱백이랑 고민하다가 나일론으로 구매했는데 만족해요! 수납도 화장품이랑 핸드폰 이것저것 잘 들어갈 거 같네요
2021.09.28,"작지만 소지품 이것저것 많이 들어갑니다.
활용도가 높아요"
2021.09.25,사진이랑 똑같아요 귀여워요 작은백은 오랜만인데 가볍게 들기에 좋아요
2021.09.21,가방끈이 두 개가 오기 때문에 두 가지버전으로 착용이 가능함!!!! 편하고 캐주얼한 느낌일때는 긴끈을 활용해 크로스로! 가격도 적당하고 로고도 예쁘고 완전 대만족입니당!!!! 데일리로 추천이요
2021.09.18,포장이 잘 되어오는게 맘에 들어요 가방케이스도 함께여서 더 좋은것 같아요
2021.08.19,실물이 예뻐요. 살짝 뒷면에 스크래치가 난 상태로 배송이 오긴 했어요.
2021.08.15,"수납공간이 엄청 넓은편은 아니지만 평소 갖고 다니는 화장품은 다 들어가서 좋아용
그리고 로고보이는 스트랩도 이쁘고 그냥 손으로 들어도 예쁨"
2021.09.18,포장이 잘 되어오는게 맘에 들어요 가방케이스도 함께여서 더 좋은것 같아요
2021.08.19,실물이 예뻐요. 살짝 뒷면에 스크래치가 난 상태로 배송이 오긴 했어요.
2021.08.15,"수납공간이 엄청 넓은편은 아니지만 평소 갖고 다니는 화장품은 다 들어가서 좋아용
그리고 로고보이는 스트랩도 이쁘고 그냥 손으로 들어도 예쁨"
2022.04.01,색도 진자 예쁘고 좋아요ㅠㅠ 생각보다 작지도않고 깔별로모으고싶음
2022.03.30,"생각했던 크기보다 좀 작았지만 만족해요! 특히 비오는날 그냥 물기 툭툭 털어내면 되서 넘 좋고, 스트랩도 가죽이고 중간에 이음새가 고정되어있지 않아서 더 편합니다 ~"
2022.03.26,"넘귀여워요! 데일리로 자주하고 다닐것 같아여ㅋㅋ
저희엄마가 쓰고싶다고하셔여ㅋㅋ"
2022.03.25,"생각보다 작으면 어쩌지 했지만 사이즈 너무 만족해오!
지갑이랑 팩트넣고도 넉넉합니다"
2022.03.19,Good!!! 마음에 쏙! 들어요! 배송은 늦었지만 그래도 만족합니당
2022.03.18,완전 귀여워요ㅠ 조금 작은 사이즈지맘 이런 가방은 뭐 보부상처럼 들고 다닐 거 아니니까요!
2022.03.17,진ㅋ자 마음에 듭니다 대신 끈 길이를 더 줄이고 싶은데 그게 안 되네요ㅠ
2022.03.16,스트랩이 두꺼워서 오래매고 있어도 어깨가 안아플거같아요!!
2022.03.16,예쁘게 잘 쓰고 있습니다. 색상이 매력이 있습니다.
2022.03.15,제가 갖고 싶은 아이템이었지만 친구 선물로 줬는데 마음에 들어했어요! 대일리로 쓰기 좋고 크기도 적당합니다
2022.03.15,여름에 출퇴근할때 가볍게 들고 다니기 좋을것같아오 긔여워요
2022.03.15,"사이즈도 딱 적당하고 재질도 너무 좋아용
스타일도 2개로 할수있어서 좋아요"
2022.03.12,생각보다 엄청 작네요ㅜㅡㅜ 그래도 이뻐서 만족합니다!
2022.03.12,친구 생일선물로 사줬는데 이쁘다고 좋아했슙니다~~!
2022.03.10,원래 미니백 좋아해서 이정도면 그렇게 작다고 생각안하고 넘 귀엽고 어떤스타일이든 잘 어울려요
2022.03.08,"생각 보다 작지만 그래도 이뻐요.
가볍게 챙겨서 들고나가기에 딱이예요"
2022.03.03,호보백 갖고 싶었는데 넘 예뻐서 보자마자 구매했어요! 가방은 작지만 은근 많이 들어가서 좋아요
2022.03.03,진짜 심플하고 어디에나 잘 어울리고 활용도 갑이에요 ㅠㅠ 웬만한건 다 들어가고 완전 애용중입니다
2022.02.28,리사이클이라 그런지 재질이 다른 색상보다는 단단하지 않아요 그래도 잘 매고 다니고있어요! 겨울에는 손시렵지 않게 펄을 달아서 가지고 다니니 정말 좋더라고요! 다른 색상도 구매하고싶어요~
2022.02.24,일단 손잡이에 퍼커버를 무료로 받을시기에 사서 너무 좋았구요. 퍼가 있으니까 확실히 다 이쁜 거 같아요 ㅋㅋㅠ수납력이 좋다곤 할 수 없지만 생각보다 수납력도 괜찮았어요. 색도 이쁘구요:) 봄에 벚꽃놀이 할 때 착용하면 더 이쁠 것 같아요
2022.02.23,"예전부터 사고싶었던 백이에요
조금 가방이 작은편이라 팩트나 휴대폰?정도로 가볍게 들고다니기 좋음!!"
2022.02.19,색이 진짜 딱 너무 예쁜 베이지색이에요. 수납공간도 넉넉하게 이것저것 다 들어가요! 핸드폰도 들어가고 너무 맘에 들어요 다른색상도 시고싶어요
2022.02.18,여기저기 들고다니기 딱이에요 스트랩도 있는데 그냥 드는게 더 예뻐요
2022.02.18,비슷한거 선물받아서 취소할까 하다 걍 받았는데 예뻐요 핑크러버라 매우 만족합니당
2022.02.17,동생 생일선물로 줬는데 좋아해서 다행이에요. 대신 생각했던 것보다도 더 작고 훨씬 더 작고 매우 작아서 잘 보고 사셔야합니다
2022.02.17,"선물 주려고 주문했는데~!!!
너무너무 예쁘다며~엄청 만족했어요!!!"
2022.02.15,한참고민하다가 구매했는데 너무 마음에 들어요!
2022.02.15,너무 예뻐영 귀염뽀짝 그 자체 고민하다가 샀는데 잘샀네여
2022.02.15,"너무 예뻐요 퀄리티도 짱짱하니
너무 좋네요. 잘 멜게요!"
2022.02.10,"가방은 만족 했습니다 선물하려구요
다만 포장이 조금 ㅜ 아쉬웠어요
가방보다 두어배 큰 상자에 덩그러니 있더라구요
배송되며 상단에 붙여둔 테이프도 양쪽으로 틑어져서 위에만 간신히 붙어있는 상태로 왔습니다
훼손은 안됐지만 완충제를 넣거나 가방 사이즈에 맞는 상자를 쓰시면 어떨까요...!"
2022.02.10,생각보다 더 작네요~ 그래도 너무 귀엽고 은근 수납도 꽤 들어가요~ 휘뚜르마뚜르 들기 좋은 호보백이에요
2022.02.08,"사진이랑 실물 똑같아요 예상했던대로
너무 마음에 들어여!"
2022.02.08,"너무 귀여운 사이즈에요
예뻐요 허니제이언니 퇴근백 넘넘 맘에 듭니다"
2022.02.06,생각보다 밝긴햇지만 여기저기 들기 좋을거같아요
2022.02.06,생각보다 좀 작은 사이즈이고 후리해보이는 스타일이라 놀라긴 했어요! 그래도 편하게 메고 다니기엔 나쁘지 않은데... 어깨끈 글자에 찍힘이 있어서 별 하나 뺐어요ㅠ 지퍼도 매끄럽진 않아서 개선되면 좋겠어요ㅎㅎ
2022.02.05,"수납공간이 넓지는 않지만 평소 많이 들고다니지 않으면 딱인것같아요
여기저기 들고다니기 편하고 잘어울리네요"
2022.02.05,배송은 무지빨리왓구요 화면이랑똑같아요 가볍고 이뿌고데일리로자주할거같아요 너무이뿝니다
2022.02.04,수납 공간은 좀 부족한데 진짜 너무 예뻐요ㅠ 사계절 다 유용하게 사용할듯
2022.02.04,작아보여서 별로 안들어갈거같았는데 생각보다 많이 들어가용 크로스도 되고 핸드백도 돼서 편하고 좋습니당 크로스 끈 디자인이 너무 이뻐용 ㅠ
2022.02.04,"어깨끈이 조금 길어요
디자인 스타일은 다좋습니다"
2022.01.27,"가볍게 들고 다니기 좋아보였어요. 진짜 가볍긴 하구요ㅎ 모양은 사각형태로 좀 각이 잡혔네요. 물건 꺼내고 넣을때 지퍼에 손이 좀 쓸려요. 크로스끈이 이뻐요. 포인트되서 좋아요. 폰, 작은지갑, 그외 이것저것 그래도 어느정도는 들어가요."
2022.01.24,편하고가볍고데일리로좋아요 너무귀여움 다른색도사야겟음
2022.01.23,예뻐요?? 질도 튼튼하구 생각보다 많이 들어가요 여행내내 휘뚜루 마뚜루 들고다녔어요
2022.01.22,여자친구 사줬는데 간편하게 들고 다니기 좋다고 좋아하네요 :)
2022.01.21,나름 수납공간도 여유있고 아무옷에나 잘 어울려서 좋아요!
2022.01.19,"내부에 수납공간이 좁은편이네요 공간분리없고
옆 너비가좁아서 어쩔수없지만 색깔도 밝고
그레이백이 필요해서 눈여겨보고있던차에 품절뜨고ㅜ
아쉬워서 풀리자마자구매했어여
근데 스트레치엔젤스다른백도 갖고있는데 끈고리가 되게 잘끊어지거든요 두개샀는데 일년만에 둘다끊어져서 수리하는데가서 본드로붙였고 ㅜ그래서 안돌아감ㅜ 얘는 가방자체가 가벼워서 그걱정은덜한데..혹시나 똑같이 끊어질까봐 걱정되긴하네여 돌아가서 끈꼬이는걸 쉽게풀수있는건좋지만..ㅜ 쓰다보면헐거워져서 고려좀해주세여
여튼 가방자체는사진이랑 똑같고 이쁨"
2022.01.16,친구 선물로 사준건데 친구가 정말 맘에들어해요 ! 저도 하나 구매할까봐요 ㅎㅎ
2022.01.13,허니제이선생님 따라서 샀어요 편하게 여기저기 들기 좋음
2022.01.07,별기대안햇는ㄷ데 되게 예쁘더라구요 휘뚜루마뚜루 잘 들것같아요
2022.01.05,가방 크기가 조금 작기는 하지만 여기 저기 잘 매치할 수 있을 것 같아요
2021.12.31,좋아요 편하게 메고 다니기도 좋고 생각보다 가벼워요.
2021.12.29,"친구선물로 샀어요.
마음에 들어하니 뿌듯합니다.^^
스타일후기두올릴게용"
2021.12.29,예쁘고 검은색이라 어디든지 매치가능하고 퍼도 탈부착되어서 좋아요 ~!
2021.12.29,진짜 크림색 대존예니까 크림색 사세여 완전 귀여움
2021.12.25,다른 색상도 구매하고 싶을 정도로 맘에들고 애용할듯
2021.12.25,여자친구 선물로 사줬어요 사이즈가 생각보단 좀 작지만 좋아하네용ㅎㅎ
2021.12.24,"허제퇴근백 예뻐서 주문한지 이틀만에 겟 했습니다 가방이 정말 아담하고 예뻐요 근데 서비스로 주신 퍼 손잡이는.. 집에서 직장까지 10분 메고 벗었는데 똑딱이가 이미 가방에서 똑 떨어져 있더라고요.. 순간접착제로 붙일거예요.. 깔끔하게 떨어진거 보니까 추워서 그런것 같은데 오늘이 좀 춥긴했어요,, 메리크리스마스이브..."
2021.12.24,가볍게 데일리로 착용하기에 편한 스타일이에요.
2021.12.24,기대했는데 너무 예뻐요! 색도 약간 아이보리라서 부담없이 들 수 있을 거 같아요
2021.12.23,굉장히 짱짱하고 보부상임에도 불구하고 크기가 적당해서 짐이 다 들어가네요 ㅎㅎ 다른색상도 구매하고싶습니다
2021.12.22,"줄을 길게도 짧게도 할 수 있어서 편합니다

검은색이라 때도 안탈것같아요"
2021.12.22,너무 귀여워서 동생이 좋아하고 잘 들고 다닐것 같다고 하는데 생각보다 조금 작아서 당황했어요
2021.12.22,진짜 너무너무 구매하고 싶었는데 이번에 손잡이 부분에 털 준다고 해서 샀어요 너무 예쁘네요 진작 살걸
2021.12.22,허니제이 착용한거 보고 구매했는데 데일리로 들고다니기 좋은거 같아요
2021.12.21,호보백이 아무래도 유행탈거같아서 고가 제품을 구매하기엔 걱정되었는데 제가 지불할수있는 가격대라서 구매했습니다! 소재가 반질반질해서 너무 저렴해보일까 걱정했는데 만족스럽네요
2021.12.17,너무 예뻐요ㅠㅠ 어떤 옷이든 무난하게 다 소화할 것 같고 리사이클이란 점이 마음에 들어요!
2021.12.17,선물했는데 좋아합니다. 휘뚜루마뚜루 탬이에요
2021.12.15,가벼워서 편하고 크기에 비해서 수납공간도 좀 있는 편이라 좋습니다.
2021.12.15,나일론 소재라 가볍고 튼튼해서 오래 사용 가능할 것 같아요.
2021.12.14,작은 가방이 필요했는데 너무 잘 쓰고 있습니다 손잡이 부분도 편하고 슥슥 들고 다니기 좋아요
2021.12.08,귀여워서 좋은것같아요 작아도 들어갈껀 다들어가네요
2021.12.07,생각보가 많이 작아요 장지갑 넣으면 공간잌ㅋ없음 그래도 이쁘니까 이뻐용
2021.11.26,선물용으로 샀는데 실물이 엄청 예쁘고 어디든 잘 어울릴거같아요~
2021.11.23,"생각보다 작은 느낌이 있지만 간단하게 들고다니기에 딱 좋아요!
스트릿패션 좋아하시면 추천드려요!"
2021.11.23,"진짜 너무 예쁘고 요새 이것만 메고 다녀요 ,, 캐주얼이나 정장에 휘뚤마뚤 메도 이쁘고 ㅠㅠ 크로스 끈 진짜 길어서 넘 조아요 사랑해요 ??"
2021.11.22,나일론 소재라 가볍고 더블 스트렙인 부분도 너무 마음에 드네요 :)
2021.11.21,"호보백 필요했는데 크기도 딱임
검정살까하다가 베이지가 은근 코디하기 좋대서
친구추천받아서 샀으여 결과는 만족"
2021.11.18,배송도 정말 빨랐고 사이즈도 딱 정해서 만족합니다
2021.11.18,간단하게 들수있는 가방이 필요해서 구매했는데 크로스 숄더도 되고 가볍기도 해서 요즘 이것만 드는것 같습니다 ㅎㅎ
2021.11.17,작고 귀여운게 지퍼가 있어서 물건 흘러내릴 걱정 하지 않을 수 있어서 좋아요 ㅎㅎ
2021.11.17,선물용으로 샀는데 딱 필요한 물건들만 넣어서 휘뚜루마뚜루 들고 다니기 좋아요
2021.11.12,오래기다렸지만 너무 귀엽고 만족합니당 이쁘게 메고 다닐세요!
2021.11.10,줄이 길다는 소리가 있었는데 고객의 소리가 반영이 된건가 끈길이가 괜찮네요.
2021.11.08,"데일리로 백이 될거같아요.
블랙은 국룰.
넘 이뿌네요 호보백,
체인이 한줄 더 잇었다면 활용하기 더 좋았을듯 해요.
생각보다 미니미 한 사이즈라 더 좋네요.
예쁩니다 후회안해요 좋아요."
2021.11.05,기대한만큼 진짜 예뻐요! 아마 맨날 매고 다닐 거 같아요!!! 다른 색도 구매할 예정입니당!!!
2021.11.03,"생각보다 사이즈가 너무 작았어요 근데 이건 상세샷 제대로 안읽은 제 불찰 ,,, 그냥 휘뚜루 마뚜루 가방으로 좋아요"
2021.11.01,"생각보다 더 작아서 살짝 아쉽지만, 작아서 귀엽고 예쁘네요,"
2021.10.23,"크로스줄이 최대로 줄여도
너무 길어요 ㅜㅜ
작은키도 아닌데
고민이네요 오떻게 줄이나 ㅜ"
2021.10.22,"생각했던 크기이면서도 생각했던 크기보다 작은거같기도하고 그래도 가방자체는 엄청 이뻐요
리사이클이란걸 결제 직전에 알아서 고민했는데 이런 디자인에 크로스로 맬수있다는 장점때문에
구매했어요"
2021.10.20,전부터 사고 싶었는데 세일을 안해서 계속 기다렸는데 세일을 해서 드디어 구매를 했어용 ~ 이뻐용 ~ 휘루룩 들고 다닐수 있어서 좋은것 같아요!
2021.10.19,허니제이 퇴근가방이라서 그냥 샀어요 이쁩니댱
2021.10.14,생각한것보다 더 맘에 들어요 !! 가격도 저렴하고 퀄리티좋음~!
2021.10.13,"사이즈도 적당하고 실물이
더 이뻐요! 자주 메고 다니기 부담 없고 좋네여ㅎㅎ"
2021.10.13,지갑이랑 간단한 화장품 정도는 들어갈 크기에요 ! 귀염뽀짝해서 어디든지 잘 어울릴거 같아요 ??
2021.10.11,"생일선물로 줬는데 너무너무 맘에 들어했습니다
귀엽고 이뻐요!!"
2021.10.09,크기가 작긴하지만 알차게 다 들어가고 디자인이 너무 예뻐요ㅠ 크러스끈이 좀 길어서 수선하려구요
2021.10.08,가볍고 마감도 튼튼하게 잘되어 있어서 편하게 들고 다닐 것 같아요.
2021.10.08,스트랩이 두개로 구성되어 있어서 다양하게 연출 가능한 점이 맘에 드네요.
2021.10.05,it's so cute. i like it so much!
2021.10.02,"검은색 호보백이라 아무 옷에나
휘뚜루 마뚜루 들기 좋을 거 같아요~ 쿠폰이랑 적립금 사용해서 가격도 싸게 샀네요"
2021.09.27,"생각보단 작은데 소지품은 많이 들어가요
크로스스트랩은 최소길이도 좀 긴것같아서 5센치정도 수선하려구요"
2021.09.26,"수납공간도 적절하구요
크기도 적당 하고 무게도 가벼운편입니당"
2021.09.25,사진이랑 똑같아요 귀여워요 작은백은 오랜만인데 가볍게 들기에 좋아요
2021.09.18,친구에게 선물하려고 주문했는데 빨리와서 넘 좋았고 실제로 보면 더 귀여워요! 가방 부분이 가죽이 아니라서 애매할거같았는데 오히려 매력있네요~
2021.09.09,소재도 엄청 좋고 어떤 옷에도 매치가 가능해서 좋습니다
2021.08.28,실물이 더 예뻐요 손잡이 스트랩은 생각보다 짧아서 긴 스트랩을 더 많이 활용할 것 같아요! 생각보다 아무데나 잘 어울려요 ㅎㅎ
2021.08.22,스트랩은 좀 짧지만 가방이 튼튼하고 가지고다니기 좋아요
2021.08.19,가방 뒷부분에 살짝 스크래치 난 상태로 배송이 왔어요..
2021.08.15,"수납공간이 엄청 넓은편은 아니지만 평소 갖고 다니는 화장품은 다 들어가서 좋아용
그리고 로고보이는 스트랩도 이쁘고 그냥 손으로 들어도 예쁨"
2021.09.27,"생각보단 작은데 소지품은 많이 들어가요
크로스스트랩은 최소길이도 좀 긴것같아서 5센치정도 수선하려구요"
2021.09.26,"수납공간도 적절하구요
크기도 적당 하고 무게도 가벼운편입니당"
2021.09.25,사진이랑 똑같아요 귀여워요 작은백은 오랜만인데 가볍게 들기에 좋아요
2021.09.18,친구에게 선물하려고 주문했는데 빨리와서 넘 좋았고 실제로 보면 더 귀여워요! 가방 부분이 가죽이 아니라서 애매할거같았는데 오히려 매력있네요~
2021.09.09,소재도 엄청 좋고 어떤 옷에도 매치가 가능해서 좋습니다
2021.08.28,실물이 더 예뻐요 손잡이 스트랩은 생각보다 짧아서 긴 스트랩을 더 많이 활용할 것 같아요! 생각보다 아무데나 잘 어울려요 ㅎㅎ
2021.08.22,스트랩은 좀 짧지만 가방이 튼튼하고 가지고다니기 좋아요
2021.08.19,가방 뒷부분에 살짝 스크래치 난 상태로 배송이 왔어요..
2021.08.15,"수납공간이 엄청 넓은편은 아니지만 평소 갖고 다니는 화장품은 다 들어가서 좋아용
그리고 로고보이는 스트랩도 이쁘고 그냥 손으로 들어도 예쁨"
2022.03.26,"색 화면 그대로고 예뻐요
근데 나일론 이라서 그런지 잘 모르겠는데 먼지가 많이 붙고 안에 수납이 하나라도 나눠져 있지 않은게 약간 아쉬워요"
2022.02.28,"색상도 튀고
포인트가방으로 괜찮아용
그리고 가방에 따로 크로스로도 메라고주는
가방끈이 따로 있는데 벌써 더러워져서
마음이 아프네요ㅠㅜ
새가방이랑 들고다닌횟수도 별로안되는데
크로스끈이 소재가 호보백소재같은
나일론이아니라 가죽이여서 그런것같아요
그래도
이왕산거 이쁘게 잘들고다니려구요
신경써서 관리만 잘해주려구요!"
2022.03.26,"색 화면 그대로고 예뻐요
근데 나일론 이라서 그런지 잘 모르겠는데 먼지가 많이 붙고 안에 수납이 하나라도 나눠져 있지 않은게 약간 아쉬워요"
2022.02.28,"색상도 튀고
포인트가방으로 괜찮아용
그리고 가방에 따로 크로스로도 메라고주는
가방끈이 따로 있는데 벌써 더러워져서
마음이 아프네요ㅠㅜ
새가방이랑 들고다닌횟수도 별로안되는데
크로스끈이 소재가 호보백소재같은
나일론이아니라 가죽이여서 그런것같아요
그래도
이왕산거 이쁘게 잘들고다니려구요
신경써서 관리만 잘해주려구요!"
2022.03.26,"색 화면 그대로고 예뻐요
근데 나일론 이라서 그런지 잘 모르겠는데 먼지가 많이 붙고 안에 수납이 하나라도 나눠져 있지 않은게 약간 아쉬워요"
2022.03.22,선물으로 사줬는데 친구가 좋아해요ㅎㅎ 너무 다행입니다
2022.03.12,"진짜 너무 유니크 해요ㅎ
후드집업에 입어도 잘 어울리고 힙한 룩에 입어도
잘 어울립니다?? 그냥 후드집업에 청바지만 입고
가방을 매줬는데 너무 잘 어울렸어요"
2022.03.05,생각햇던것보다 작앗지만 귀여워여 데일리로 잘 들고 다닐거같아여
2022.03.02,"작은 가방을 좋아해서 사이즈는 마음에 들어요!
귀여워서 홀려서 구경왔다가 더 귀여운거
사은품 준다고 해서 홀려서 구매했는데
실제로 봐도 귀엽네용

사은품은 에어팟이나 넣고 다녀야지 했는데
받아보니 2세대 케이스 낀 상태에서 들어가긴하는데
빼는게 너무 힘들고 에어팟 케이스 빼고 넣으면
빼다가 날려먹을거 같아 그냥 립밤이나 동전 넣어 쓸까해요

색감도 귀여워요
메인 가방 바닥 마감처리가 좀 아쉬워요
바닥을 볼일은 없겠지만 의류쪽은 막 쓰는 스타일이라
금방 헤지면 어쩌지 상태의 마감이에요ㅠ

이건 같은 가격대 다른 가방들 마감처리랑 비교가 되서ㅠ"
2022.02.25,"ㄱㄱ ㅑ~ 너무 맘에 들어요. 작은 거는 알고 샀고, 사은품 종료되기전에 서둘러 구매했는데 같은 색상으로 보내주신 거 감사합니다. ㅎ 실제 색상은 생각보다 쨍하지 않았어요. 완전 쨍한 원색적인 오렌지인줄 알았는데 약간 화이트 섞인 여리여리한 오렌지 컬러입니다. 그냥 들어도 예쁘고 스트랩으로 매도 넘 예뻐요. 진짜 잘 산 거 같아요. ㅎ

근데 박스가 너무 처참한 상태로 왔;;"
2022.02.23,너무너무 예뻐요! 깔별로 다 사고싶을만큼 ㅠ 데일리로 잘 들고 다닐것 같아용 ~!
2022.02.21,"상품받을때
가방걸이(철부분?)에기스가 살짝있긴있었는데
이미들고 밖에돌아다녀서 그냥 잘메고다니려구용
가방은진짜진짜이뻐요
쪼그만한 가방도같이주셔서
잘쓰고있고
그리고나일론이여서 종잇장처럼 구겨지는 가방보다좋아요
주변사람들도
귀엽고,이쁘다고하더라구요
가방이닮고문드러질때가지잘들고다닐게용♡"
2022.02.21,"귀여워요특히미니호보백이
귀여운맛에달고다녀용
립밤하나들어갈정도로작아서별쓸모는없을것같은데"
2022.02.18,가방 깜찍하고 귀여워요 생각보다 물건많이들어가요
2022.03.26,"색 화면 그대로고 예뻐요
근데 나일론 이라서 그런지 잘 모르겠는데 먼지가 많이 붙고 안에 수납이 하나라도 나눠져 있지 않은게 약간 아쉬워요"
2022.03.22,선물으로 사줬는데 친구가 좋아해요ㅎㅎ 너무 다행입니다
2022.03.12,"진짜 너무 유니크 해요ㅎ
후드집업에 입어도 잘 어울리고 힙한 룩에 입어도
잘 어울립니다?? 그냥 후드집업에 청바지만 입고
가방을 매줬는데 너무 잘 어울렸어요"
2022.03.05,생각햇던것보다 작앗지만 귀여워여 데일리로 잘 들고 다닐거같아여
2022.03.02,"작은 가방을 좋아해서 사이즈는 마음에 들어요!
귀여워서 홀려서 구경왔다가 더 귀여운거
사은품 준다고 해서 홀려서 구매했는데
실제로 봐도 귀엽네용

사은품은 에어팟이나 넣고 다녀야지 했는데
받아보니 2세대 케이스 낀 상태에서 들어가긴하는데
빼는게 너무 힘들고 에어팟 케이스 빼고 넣으면
빼다가 날려먹을거 같아 그냥 립밤이나 동전 넣어 쓸까해요

색감도 귀여워요
메인 가방 바닥 마감처리가 좀 아쉬워요
바닥을 볼일은 없겠지만 의류쪽은 막 쓰는 스타일이라
금방 헤지면 어쩌지 상태의 마감이에요ㅠ

이건 같은 가격대 다른 가방들 마감처리랑 비교가 되서ㅠ"
2022.02.25,"ㄱㄱ ㅑ~ 너무 맘에 들어요. 작은 거는 알고 샀고, 사은품 종료되기전에 서둘러 구매했는데 같은 색상으로 보내주신 거 감사합니다. ㅎ 실제 색상은 생각보다 쨍하지 않았어요. 완전 쨍한 원색적인 오렌지인줄 알았는데 약간 화이트 섞인 여리여리한 오렌지 컬러입니다. 그냥 들어도 예쁘고 스트랩으로 매도 넘 예뻐요. 진짜 잘 산 거 같아요. ㅎ

근데 박스가 너무 처참한 상태로 왔;;"
2022.02.23,너무너무 예뻐요! 깔별로 다 사고싶을만큼 ㅠ 데일리로 잘 들고 다닐것 같아용 ~!
2022.02.21,"상품받을때
가방걸이(철부분?)에기스가 살짝있긴있었는데
이미들고 밖에돌아다녀서 그냥 잘메고다니려구용
가방은진짜진짜이뻐요
쪼그만한 가방도같이주셔서
잘쓰고있고
그리고나일론이여서 종잇장처럼 구겨지는 가방보다좋아요
주변사람들도
귀엽고,이쁘다고하더라구요
가방이닮고문드러질때가지잘들고다닐게용♡"
2022.02.21,"귀여워요특히미니호보백이
귀여운맛에달고다녀용
립밤하나들어갈정도로작아서별쓸모는없을것같은데"
2022.02.18,가방 깜찍하고 귀여워요 생각보다 물건많이들어가요
2022.03.24,"색 화면 그대로고 예뻐요
근데 나일론 이라서 그런지 잘 모르겠는데 먼지가 많이 붙고 안에 수납이 하나라도 나눠져 있지 않은게 약간 아쉬워요"
2022.03.16,넘 깜찍함 아무옷이나 다어울려요 귀여움 귀여움
2022.03.12,"일단 보자마자 소리를 질렀습니다..
말이 안 나오게 너무 예뻤어요
가격이 있는 편이라 고민 하고 샀는데
고민 한 시간이 아까울 정도로 무지 맘에 들었어요
하지만 단점 아닌 단점이 있다면 가방 안에 물건들을
잴 맞춰가며 넣어야 지퍼가 잠깁니다!
조금만 갖고 다니면 상관 없는데
많이 갖고 다니시는 분들이라면 주의 해주세요??"
2022.03.05,생각햇던 것보다 작앗지만 데일리로 잘 들고다닐거 같아여
2022.03.02,"귀여워요 귀엽고 귀여움
힙하게 매고 다니기 좋을 듯해용 만족"
2022.02.25,"ㄱㄱ ㅑ~ 너무 맘에 들어요. 작은 거는 알고 샀고, 사은품 종료되기전에 서둘러 구매했는데 같은 색상으로 보내주신 거 감사합니다. ㅎ 색상은 생각보다 쨍하지 않았어요. 쨍한 오렌지인줄 알았는데 약간 화이트 섞인 여리여리한 오렌지 컬러입니다. 그냥 들어도 예쁘고 스트랩으로 매도 넘 예뻐요. 진짜 잘 산 거 같아요. ㅎㅎ"
2022.02.23,사은품에 혹해서 샀는데 가방 넘귀여워요 핸드폰 지갑 넉넉히 들어가고 가벼워서 좋아요.
2022.02.21,"나일론 가방이라 구김이없고
포인트가방으로제격이예용"
2022.02.21,"귀여워요특히미니호보백이
귀여운맛에달고다녀용
립밤하나들어갈정도로작아서별쓸모는없을것같은데"
2022.02.19,컬러 디자인 다 귀엽네요 가볍게 들고 다니기 좋아요 배송도 빠르네요 굿
2022.02.18,"가방 작고귀여워요 생각보다 많이들어가고
호보 미니파우치는 완전귀여워요ㅋㅋ"
2022.02.18,"가방 작고귀여워요 생각보다 많이들어가고
호보 미니파우치는 완전귀여워요ㅋㅋ"
2022.01.23,"품절되서 구매 못할 줄 알았는데 재입고 되서 너무 좋아요!!
가방은 너무 이쁩니다!!!"
2021.12.21,"가방은 상세에서 본 것 그대로에요
살짝 아이보리도 아니라 쨍한 화이트라 관리는 잘 해야겠지만 그래서 더 이뻐ㅠㅠ
크로스도 너무 이쁘고 손잡이 잡고다녀고 100프로 걍 이쁩니다.
오늘 코디에 매치해봤는데 찰떡이네..
아무튼 실물이 더 예뻐요..
에어팟가방은 프로는 케이스 벗겨야 들어갑니다!"
2021.05.13,"흰색이라 떼 탈것같아서 무섭지만 수납도 좋고, 재질도 너무 마음에 들어용ㅎㅎ"
2022.01.23,"품절되서 구매 못할 줄 알았는데 재입고 되서 너무 좋아요!!
가방은 너무 이쁩니다!!!"
2021.12.21,"가방은 상세에서 본 것 그대로에요
살짝 아이보리도 아니라 쨍한 화이트라 관리는 잘 해야겠지만 그래서 더 이뻐ㅠㅠ
크로스도 너무 이쁘고 손잡이 잡고다녀고 100프로 걍 이쁩니다.
오늘 코디에 매치해봤는데 찰떡이네..
아무튼 실물이 더 예뻐요..
에어팟가방은 프로는 케이스 벗겨야 들어갑니다!"
2021.05.13,"흰색이라 떼 탈것같아서 무섭지만 수납도 좋고, 재질도 너무 마음에 들어용ㅎㅎ"
2021.12.24,"품절되서 구매 못할 줄 알았는데 재입고 되서 너무 좋아요!!
가방은 너무 이쁩니다!!!"
2021.12.22,"화이트 색상 가방이 없어서 구매했는데 첫구매 너무 잘 한것같아요ㅎ 후회없는 선택!
은근히 이것저것 들어가더라구요~
무게도 무겁지도 가볍지도 않구
화이트라 관리만 잘하면! 굿!"
2021.04.16,가방 실제로 받아보니 사진보다 실물이 훨씬 이뻐요 ㅎㅎ 가방 수납이 생각한것보다 엄청 넉넉해요! 색상별로 다 사고싶네요!!!
2021.12.24,"품절되서 구매 못할 줄 알았는데 재입고 되서 너무 좋아요!!
가방은 너무 이쁩니다!!!"
2021.12.22,"화이트 색상 가방이 없어서 구매했는데 첫구매 너무 잘 한것같아요ㅎ 후회없는 선택!
은근히 이것저것 들어가더라구요~
무게도 무겁지도 가볍지도 않구
화이트라 관리만 잘하면! 굿!"
2021.04.16,가방 실제로 받아보니 사진보다 실물이 훨씬 이뻐요 ㅎㅎ 가방 수납이 생각한것보다 엄청 넉넉해요! 색상별로 다 사고싶네요!!!
2022.03.15,스크레치앤젱스 작고 귀엽네여 두부백 어브화이트
2021.12.25,너무 이뻐서 여기저기서 이쁘다고.. 잘 매고 다니겠습니당??
2021.12.24,"품절되서 구매 못할 줄 알았는데 재입고 되서 너무 좋아요!!
가방은 너무 이쁩니다!!!"
2021.12.21,"쨍한 화이트! 눈부셔오어
끈조절은 구멍에 넣는 식으로 되어있는 건데 이거는 구멍이 헐거워지면 빠질 수 있는 부분이니 참고!
길이조절은 문제없어용
아무튼 공간도 꽤 괜찮고 이쁩니당"
2021.12.09,생각한거보다 엄청 예뻐요 수납이 부족한게 용서됨..
2021.04.16,"배송도 빠르게 왔고 색상별로 다 구매하고싶을 정도로 디자인, 수납, 색상 너무 이뻐요 ㅎㅎ 어느 코디에든 어울리는 가방인 것 같아요!"
2021.03.20,많이 작을 줄 알았는데 가방 폭이 있어서 생각보다 수납공간이 좀 있어서 좋습니다.
2022.03.15,스크레치앤젱스 작고 귀엽네여 두부백 어브화이트
2021.12.25,너무 이뻐서 여기저기서 이쁘다고.. 잘 매고 다니겠습니당??
2021.12.24,"품절되서 구매 못할 줄 알았는데 재입고 되서 너무 좋아요!!
가방은 너무 이쁩니다!!!"
2021.12.21,"쨍한 화이트! 눈부셔오어
끈조절은 구멍에 넣는 식으로 되어있는 건데 이거는 구멍이 헐거워지면 빠질 수 있는 부분이니 참고!
길이조절은 문제없어용
아무튼 공간도 꽤 괜찮고 이쁩니당"
2021.12.09,생각한거보다 엄청 예뻐요 수납이 부족한게 용서됨..
2021.04.16,"배송도 빠르게 왔고 색상별로 다 구매하고싶을 정도로 디자인, 수납, 색상 너무 이뻐요 ㅎㅎ 어느 코디에든 어울리는 가방인 것 같아요!"
2021.03.20,많이 작을 줄 알았는데 가방 폭이 있어서 생각보다 수납공간이 좀 있어서 좋습니다.
22.04.07.,생각보다 색이연해요 배송빨라요!!
22.03.28.,딸아이가 좋아하네요 ...
22.03.25.,사이즈도 적당하고 이뻐요
22.03.21.,"가방너무 맘에 들어요.
근데ㅠㅠ 자국이있어요.속상하네요"
22.02.18.,맘에 쏙 들어요 퍼도 셋트 색상으로 보내주셔서 이곳저곳 잘 활용할 것 같아요. 생각보다 많이들어가서 활용도가 너무 좋을 것 같아요
22.02.14.,"비추~
비닐 느낌이 너무나서 많이 저렴하게보임
생각보다 더 작음
색상은 스카이인데 그레이에 가까움
그냥 천으로 된게 나을듯...
교환하기 귀찮으니 그냥 사용합니다"
21.12.29.,화이트색깔이 이뻐요
21.12.06.,좋은 제품 잘 받았습니다.
21.11.24.,"고민 많이하고 샀는데 너무 맘에들어요!
그렇게 크지 않다는 점은 참고해주세요~
나일론 소재랑 다르게 각이 딱 잡혀있어서 더 이쁜것 같아요
색깔은 너무 밝지도 않은 적당한 하늘색입니다"
21.11.09.,크림색상 이뻐요 가볍고
21.11.05.,좋은 가격에 잘 구매했습니다.
21.11.02.,사진 그대로 입니다 이쁘네요 잘 메고 다닐게요
21.10.29.,예뻐요 선물로 샀는데 만족스러워요
21.10.24.,생각보다 작긴한데 앙증맞게 들고 다닐수 있을것 같아요
22.04.07.,생각보다 색이연해요 배송빨라요!!
22.03.28.,딸아이가 좋아하네요 ...
22.03.25.,사이즈도 적당하고 이뻐요
22.03.21.,"가방너무 맘에 들어요.
근데ㅠㅠ 자국이있어요.속상하네요"
22.02.18.,맘에 쏙 들어요 퍼도 셋트 색상으로 보내주셔서 이곳저곳 잘 활용할 것 같아요. 생각보다 많이들어가서 활용도가 너무 좋을 것 같아요
22.02.14.,"비추~
비닐 느낌이 너무나서 많이 저렴하게보임
생각보다 더 작음
색상은 스카이인데 그레이에 가까움
그냥 천으로 된게 나을듯...
교환하기 귀찮으니 그냥 사용합니다"
21.12.29.,화이트색깔이 이뻐요
21.12.06.,좋은 제품 잘 받았습니다.
21.11.24.,"고민 많이하고 샀는데 너무 맘에들어요!
그렇게 크지 않다는 점은 참고해주세요~
나일론 소재랑 다르게 각이 딱 잡혀있어서 더 이쁜것 같아요
색깔은 너무 밝지도 않은 적당한 하늘색입니다"
21.11.09.,크림색상 이뻐요 가볍고
21.11.05.,좋은 가격에 잘 구매했습니다.
21.11.02.,사진 그대로 입니다 이쁘네요 잘 메고 다닐게요
21.10.29.,예뻐요 선물로 샀는데 만족스러워요
21.10.24.,생각보다 작긴한데 앙증맞게 들고 다닐수 있을것 같아요
22.04.13.,실물존예보스네요 고민한시간이 아까워요
22.04.08.,좋은가격에 좋은 선물 됐어요
22.04.01.,생각보다 사이즈가 작음..너무 불편
22.03.31.,마감도 좋고 포장도 깔끔! 사이즈도 딱 적당했어요! 선물로 샀는데 배송도 빨라서 만족합니다!
22.03.23.,막 들고 다니기 좋네용
22.03.21.,예쁘네요 조금 작지만 마음에 듭니다
22.03.20.,받아보니 박긴한데 너무 이쁘네요. 무난하고 가볍고 어디든 들기좋아요 잘샀어요
22.03.15.,"배송빠르네요^^
백화점보다저렴히 잘샀어요ㅎ
이쁘네요"
22.03.08.,빨리받았어요!실물이더갠찬아요!자주들고다닐꺼같아요~
22.03.06.,"진짜 이뻐요
간편하게 들기 좋아요
잘들께요
맘에 들어요^^*"
22.03.05.,절대 십만원같이 안생겼지만.. 걍 리싸이클된다하니깐..
22.03.01.,작긴하지만 이쁩니다
22.02.24.,제가 생각한 사이즈에요 넘 맘에 드네요 크로스로 쓸수도 있고 좋아요^^
22.02.23.,넘이쁘네용 근데 프라다짝퉁이미지가 강해서 데일리로는 드는데 주말이나 약속나갈땐 들기가좀 ㅠㅠ
22.02.17.,"생각보다 많이 들어가고 가벼워요
조아요"
22.02.16.,가볍게 들고 어느옷이나 잘어울리는 데일리백입니다
22.02.12.,처음 주문했을때 크로스끈이 빠져있어서 다시 택배 보내고번거로웠지만 가방은 들고다니기 편하고 좋아요
22.02.12.,가볍고 큐트합니다 편하게 들수있어요
22.02.08.,마음에 들어요. 복 많이받으세요
22.02.06.,친구선물로 삿는데 깔끔하고 딱예뻐요!
22.01.24.,"가볍고 편하게 들고 다닐수있는 가방을 찾고 있었는데 보자마자 구매 결정.아이들이 있어서
휴대용물티슈,반지갑,핸드폰,립,팩트 넣고 다니는데
너무 꽉찬 느낌은 아니고 물건들 넣고 뺄때도 여유감
있고 너무 편하다.이쁘게 잘 들고 다닐게요~"
22.01.23.,"그냥 편하게 지갑 .휴대폰만 넣어다닐때
쓰려고 구매했는데 크기도 적당하고 좋아요
근데 같이 온 핸들퍼는 흰색이 와서..
블랙가방이면 같은 색이면 좋으련만..
랜덤이라서 그렇다던데 그부분은 참아쉽네요
같은색상넣기 힘들진 않을것 같은데.."
22.01.21.,조금 더 컸으면 좋을텐데...그래도 맘에들어 잘들고 다닙니다
22.01.21.,대학생 딸 생선으로 구입했어요~~ 폭풍검색해서 요기 사이트 보내주고 어떤 가방 맘에 드냐고 물어보니 이거 사달라고 해서 사줬습니다^^ 아주 좋아해요♡♡
22.01.16.,휘뚜루마뚜루 들고다니기 참 좋아요. 지갑. 핸드폰. 팩트 들어가기엔 딱 컴팩트한 사이즈에요
22.01.08.,자꾸손이가는가방이에요~~
22.01.08.,너무맘에들어요 좋아요
22.01.07.,배송빠르고 제품 괜찮네요
22.01.04.,좋아요~~ 간편외출시 완전 편합니다. 잘샀어오ㅡ
22.01.03.,어느정도는 돈에 가보치 할꺼라 생각했는데 십만원짜리 치고는.
21.12.19.,배송이 정말 빨라서 좋았어요
21.12.16.,디자인도 무게감도 가볍고 좋아요^^ 빠른 배송 감사합니당ㅎ
21.12.10.,"가볍고 편한데 생각보단 작아요 장지갑은 안들어가네요 핸펀,반지갑,립스틱 정도 넣어다니면 딱이네요"
21.12.08.,"원하던 작은 사이즈 평범한 모양인데
장식과 디테일이 이전 것보다 고급스럽네요"
21.11.23.,가볍고 아무옷에나 잘어울려서 좋아요
21.11.21.,생각했던것보다 작긴한데 은행갈때 마트나갈때 가겹게 들고다니기 좋습니다. 재질도 나일론이라 눈 비를 맞아도 툭툭 털면되서 방수도되고 좋아요 잘 들고 다닐께요
21.11.17.,가볍게 들고 외출하기너무편하고 좋아요
21.10.26.,"너무 맘에들어영 다들 이쁘다고하심
꼭사세여"
21.10.19.,가볍고 좋은데 뭔가 코디하기가 약간 까다로워서 손이 잘 안가요ㅠ그래도 귀여움
21.10.18.,잘 받았습니다. 생각보다 많이 들어가요
21.10.16.,가성비좋고 막들고다니기 좋아요~
21.10.06.,사이즈는 작지만 간단하게 들고 다니기 너무 좋으네요
21.10.04.,데일리용으로 가벼운 가방 찾고 있었는데 딱 이거다 싶어요! 스트랩도 두가지형태라 옷에 따라 분위기도 달리할 수 있어 좋네요~
21.09.30.,사진과같이 이뻐요~~^^
21.09.26.,"추석 지나고 바로 배송와서 빠르네요
가방도 생각보다 딱이네요 아담하고 그렇게 길지도않고 딱입니다"
21.09.07.,시장갈때 넘 편해요
21.08.26.,가볍고 이쁩니다 추천
21.08.25.,가볍고 여행갈때나 평소 가벼운 차림에 잘 어울리겠어요
21.07.29.,만족합니다 편하게 쓸것같아요
